-- --------------------------------------------------------
-- Host:                         127.0.0.1
-- Server version:               5.7.33 - MySQL Community Server (GPL)
-- Server OS:                    Win64
-- HeidiSQL Version:             11.2.0.6213
-- --------------------------------------------------------

/*!40101 SET @OLD_CHARACTER_SET_CLIENT=@@CHARACTER_SET_CLIENT */;
/*!40101 SET NAMES utf8 */;
/*!50503 SET NAMES utf8mb4 */;
/*!40014 SET @OLD_FOREIGN_KEY_CHECKS=@@FOREIGN_KEY_CHECKS, FOREIGN_KEY_CHECKS=0 */;
/*!40101 SET @OLD_SQL_MODE=@@SQL_MODE, SQL_MODE='NO_AUTO_VALUE_ON_ZERO' */;
/*!40111 SET @OLD_SQL_NOTES=@@SQL_NOTES, SQL_NOTES=0 */;


-- Dumping database structure for umkm
CREATE DATABASE IF NOT EXISTS `umkm` /*!40100 DEFAULT CHARACTER SET latin1 */;
USE `umkm`;

-- Dumping structure for table umkm.admin
CREATE TABLE IF NOT EXISTS `admin` (
  `id` bigint(20) unsigned NOT NULL AUTO_INCREMENT,
  `username` varchar(100) NOT NULL,
  `password` varchar(255) NOT NULL,
  PRIMARY KEY (`id`),
  UNIQUE KEY `id` (`id`)
) ENGINE=InnoDB AUTO_INCREMENT=5 DEFAULT CHARSET=latin1;

-- Dumping data for table umkm.admin: ~1 rows (approximately)
/*!40000 ALTER TABLE `admin` DISABLE KEYS */;
INSERT INTO `admin` (`id`, `username`, `password`) VALUES
	(4, 'asdf', 'YAo16NNwSNM+9KDaB3bSRA==');
/*!40000 ALTER TABLE `admin` ENABLE KEYS */;

-- Dumping structure for table umkm.cities
CREATE TABLE IF NOT EXISTS `cities` (
  `city_id` int(11) NOT NULL AUTO_INCREMENT,
  `city_name` varchar(255) DEFAULT NULL,
  `prov_id` int(11) DEFAULT NULL,
  PRIMARY KEY (`city_id`) USING BTREE
) ENGINE=MyISAM AUTO_INCREMENT=476 DEFAULT CHARSET=latin1 ROW_FORMAT=DYNAMIC;

-- Dumping data for table umkm.cities: 475 rows
/*!40000 ALTER TABLE `cities` DISABLE KEYS */;
INSERT INTO `cities` (`city_id`, `city_name`, `prov_id`) VALUES
	(1, 'PIDIE JAYA', 1),
	(2, 'SIMEULUE', 1),
	(3, 'BIREUEN', 1),
	(4, 'ACEH TIMUR', 1),
	(5, 'ACEH UTARA', 1),
	(6, 'PIDIE', 1),
	(7, 'ACEH BARAT DAYA', 1),
	(8, 'GAYO LUES', 1),
	(9, 'ACEH SELATAN', 1),
	(10, 'ACEH TAMIANG', 1),
	(11, 'ACEH BESAR', 1),
	(12, 'ACEH TENGGARA', 1),
	(13, 'BENER MERIAH', 1),
	(14, 'ACEH JAYA', 1),
	(15, 'LHOKSEUMAWE', 1),
	(16, 'ACEH BARAT', 1),
	(17, 'NAGAN RAYA', 1),
	(18, 'LANGSA', 1),
	(19, 'BANDA ACEH', 1),
	(20, 'ACEH SINGKIL', 1),
	(21, 'SABANG', 1),
	(22, 'ACEH TENGAH', 1),
	(23, 'SUBULUSSALAM', 1),
	(24, 'NIAS SELATAN', 2),
	(25, 'MANDAILING NATAL', 2),
	(26, 'DAIRI', 2),
	(27, 'LABUHAN BATU UTARA', 2),
	(28, 'TAPANULI UTARA', 2),
	(29, 'SIMALUNGUN', 2),
	(30, 'LANGKAT', 2),
	(31, 'SERDANG BEDAGAI', 2),
	(32, 'TAPANULI SELATAN', 2),
	(33, 'ASAHAN', 2),
	(34, 'PADANG LAWAS UTARA', 2),
	(35, 'PADANG LAWAS', 2),
	(36, 'LABUHAN BATU SELATAN', 2),
	(37, 'PADANG SIDEMPUAN', 2),
	(38, 'TOBA SAMOSIR', 2),
	(39, 'TAPANULI TENGAH', 2),
	(40, 'HUMBANG HASUNDUTAN', 2),
	(41, 'SIBOLGA', 2),
	(42, 'BATU BARA', 2),
	(43, 'SAMOSIR', 2),
	(44, 'PEMATANG SIANTAR', 2),
	(45, 'LABUHAN BATU', 2),
	(46, 'DELI SERDANG', 2),
	(47, 'GUNUNGSITOLI', 2),
	(48, 'NIAS UTARA', 2),
	(49, 'NIAS', 2),
	(50, 'KARO', 2),
	(51, 'NIAS BARAT', 2),
	(52, 'MEDAN', 2),
	(53, 'PAKPAK BHARAT', 2),
	(54, 'TEBING TINGGI', 2),
	(55, 'BINJAI', 2),
	(56, 'TANJUNG BALAI', 2),
	(57, 'DHARMASRAYA', 3),
	(58, 'SOLOK SELATAN', 3),
	(59, 'SIJUNJUNG (SAWAH LUNTO SIJUNJUNG)', 3),
	(60, 'PASAMAN BARAT', 3),
	(61, 'SOLOK', 3),
	(62, 'PASAMAN', 3),
	(63, 'PARIAMAN', 3),
	(64, 'TANAH DATAR', 3),
	(65, 'PADANG PARIAMAN', 3),
	(66, 'PESISIR SELATAN', 3),
	(67, 'PADANG', 3),
	(68, 'SAWAH LUNTO', 3),
	(69, 'LIMA PULUH KOTO / KOTA', 3),
	(70, 'AGAM', 3),
	(71, 'PAYAKUMBUH', 3),
	(72, 'BUKITTINGGI', 3),
	(73, 'PADANG PANJANG', 3),
	(74, 'KEPULAUAN MENTAWAI', 3),
	(75, 'INDRAGIRI HILIR', 4),
	(76, 'KUANTAN SINGINGI', 4),
	(77, 'PELALAWAN', 4),
	(78, 'PEKANBARU', 4),
	(79, 'ROKAN HILIR', 4),
	(80, 'BENGKALIS', 4),
	(81, 'INDRAGIRI HULU', 4),
	(82, 'ROKAN HULU', 4),
	(83, 'KAMPAR', 4),
	(84, 'KEPULAUAN MERANTI', 4),
	(85, 'DUMAI', 4),
	(86, 'SIAK', 4),
	(87, 'TEBO', 5),
	(88, 'TANJUNG JABUNG BARAT', 5),
	(89, 'MUARO JAMBI', 5),
	(90, 'KERINCI', 5),
	(91, 'MERANGIN', 5),
	(92, 'BUNGO', 5),
	(93, 'TANJUNG JABUNG TIMUR', 5),
	(94, 'SUNGAIPENUH', 5),
	(95, 'BATANG HARI', 5),
	(96, 'JAMBI', 5),
	(97, 'SAROLANGUN', 5),
	(98, 'PALEMBANG', 6),
	(99, 'LAHAT', 6),
	(100, 'OGAN KOMERING ULU TIMUR', 6),
	(101, 'MUSI BANYUASIN', 6),
	(102, 'PAGAR ALAM', 6),
	(103, 'OGAN KOMERING ULU SELATAN', 6),
	(104, 'BANYUASIN', 6),
	(105, 'MUSI RAWAS', 6),
	(106, 'MUARA ENIM', 6),
	(107, 'OGAN KOMERING ULU', 6),
	(108, 'OGAN KOMERING ILIR', 6),
	(109, 'EMPAT LAWANG', 6),
	(110, 'LUBUK LINGGAU', 6),
	(111, 'PRABUMULIH', 6),
	(112, 'OGAN ILIR', 6),
	(113, 'BENGKULU TENGAH', 7),
	(114, 'REJANG LEBONG', 7),
	(115, 'MUKO MUKO', 7),
	(116, 'KAUR', 7),
	(117, 'BENGKULU UTARA', 7),
	(118, 'LEBONG', 7),
	(119, 'KEPAHIANG', 7),
	(120, 'BENGKULU SELATAN', 7),
	(121, 'SELUMA', 7),
	(122, 'BENGKULU', 7),
	(123, 'LAMPUNG UTARA', 8),
	(124, 'WAY KANAN', 8),
	(125, 'LAMPUNG TENGAH', 8),
	(126, 'MESUJI', 8),
	(127, 'PRINGSEWU', 8),
	(128, 'LAMPUNG TIMUR', 8),
	(129, 'LAMPUNG SELATAN', 8),
	(130, 'TULANG BAWANG', 8),
	(131, 'TULANG BAWANG BARAT', 8),
	(132, 'TANGGAMUS', 8),
	(133, 'LAMPUNG BARAT', 8),
	(134, 'PESISIR BARAT', 8),
	(135, 'PESAWARAN', 8),
	(136, 'BANDAR LAMPUNG', 8),
	(137, 'METRO', 8),
	(138, 'BELITUNG', 9),
	(139, 'BELITUNG TIMUR', 9),
	(140, 'BANGKA', 9),
	(141, 'BANGKA SELATAN', 9),
	(142, 'BANGKA BARAT', 9),
	(143, 'PANGKAL PINANG', 9),
	(144, 'BANGKA TENGAH', 9),
	(145, 'KEPULAUAN ANAMBAS', 10),
	(146, 'BINTAN', 10),
	(147, 'NATUNA', 10),
	(148, 'BATAM', 10),
	(149, 'TANJUNG PINANG', 10),
	(150, 'KARIMUN', 10),
	(151, 'LINGGA', 10),
	(152, 'JAKARTA UTARA', 11),
	(153, 'JAKARTA BARAT', 11),
	(154, 'JAKARTA TIMUR', 11),
	(155, 'JAKARTA SELATAN', 11),
	(156, 'JAKARTA PUSAT', 11),
	(157, 'KEPULAUAN SERIBU', 11),
	(158, 'DEPOK', 12),
	(159, 'KARAWANG', 12),
	(160, 'CIREBON', 12),
	(161, 'BANDUNG', 12),
	(162, 'SUKABUMI', 12),
	(163, 'SUMEDANG', 12),
	(164, 'INDRAMAYU', 12),
	(165, 'MAJALENGKA', 12),
	(166, 'KUNINGAN', 12),
	(167, 'TASIKMALAYA', 12),
	(168, 'CIAMIS', 12),
	(169, 'SUBANG', 12),
	(170, 'PURWAKARTA', 12),
	(171, 'BOGOR', 12),
	(172, 'BEKASI', 12),
	(173, 'GARUT', 12),
	(174, 'PANGANDARAN', 12),
	(175, 'CIANJUR', 12),
	(176, 'BANJAR', 12),
	(177, 'BANDUNG BARAT', 12),
	(178, 'CIMAHI', 12),
	(179, 'PURBALINGGA', 13),
	(180, 'KEBUMEN', 13),
	(181, 'MAGELANG', 13),
	(182, 'CILACAP', 13),
	(183, 'BATANG', 13),
	(184, 'BANJARNEGARA', 13),
	(185, 'BLORA', 13),
	(186, 'BREBES', 13),
	(187, 'BANYUMAS', 13),
	(188, 'WONOSOBO', 13),
	(189, 'TEGAL', 13),
	(190, 'PURWOREJO', 13),
	(191, 'PATI', 13),
	(192, 'SUKOHARJO', 13),
	(193, 'KARANGANYAR', 13),
	(194, 'PEKALONGAN', 13),
	(195, 'PEMALANG', 13),
	(196, 'BOYOLALI', 13),
	(197, 'GROBOGAN', 13),
	(198, 'SEMARANG', 13),
	(199, 'DEMAK', 13),
	(200, 'REMBANG', 13),
	(201, 'KLATEN', 13),
	(202, 'KUDUS', 13),
	(203, 'TEMANGGUNG', 13),
	(204, 'SRAGEN', 13),
	(205, 'JEPARA', 13),
	(206, 'WONOGIRI', 13),
	(207, 'KENDAL', 13),
	(208, 'SURAKARTA (SOLO)', 13),
	(209, 'SALATIGA', 13),
	(210, 'SLEMAN', 14),
	(211, 'BANTUL', 14),
	(212, 'YOGYAKARTA', 14),
	(213, 'GUNUNG KIDUL', 14),
	(214, 'KULON PROGO', 14),
	(215, 'GRESIK', 15),
	(216, 'KEDIRI', 15),
	(217, 'SAMPANG', 15),
	(218, 'BANGKALAN', 15),
	(219, 'SUMENEP', 15),
	(220, 'SITUBONDO', 15),
	(221, 'SURABAYA', 15),
	(222, 'JEMBER', 15),
	(223, 'PAMEKASAN', 15),
	(224, 'JOMBANG', 15),
	(225, 'PROBOLINGGO', 15),
	(226, 'BANYUWANGI', 15),
	(227, 'PASURUAN', 15),
	(228, 'BOJONEGORO', 15),
	(229, 'BONDOWOSO', 15),
	(230, 'MAGETAN', 15),
	(231, 'LUMAJANG', 15),
	(232, 'MALANG', 15),
	(233, 'BLITAR', 15),
	(234, 'SIDOARJO', 15),
	(235, 'LAMONGAN', 15),
	(236, 'PACITAN', 15),
	(237, 'TULUNGAGUNG', 15),
	(238, 'MOJOKERTO', 15),
	(239, 'MADIUN', 15),
	(240, 'PONOROGO', 15),
	(241, 'NGAWI', 15),
	(242, 'NGANJUK', 15),
	(243, 'TUBAN', 15),
	(244, 'TRENGGALEK', 15),
	(245, 'BATU', 15),
	(246, 'TANGERANG', 16),
	(247, 'SERANG', 16),
	(248, 'PANDEGLANG', 16),
	(249, 'LEBAK', 16),
	(250, 'TANGERANG SELATAN', 16),
	(251, 'CILEGON', 16),
	(252, 'KLUNGKUNG', 17),
	(253, 'KARANGASEM', 17),
	(254, 'BANGLI', 17),
	(255, 'TABANAN', 17),
	(256, 'GIANYAR', 17),
	(257, 'BADUNG', 17),
	(258, 'JEMBRANA', 17),
	(259, 'BULELENG', 17),
	(260, 'DENPASAR', 17),
	(261, 'MATARAM', 18),
	(262, 'DOMPU', 18),
	(263, 'SUMBAWA BARAT', 18),
	(264, 'SUMBAWA', 18),
	(265, 'LOMBOK TENGAH', 18),
	(266, 'LOMBOK TIMUR', 18),
	(267, 'LOMBOK UTARA', 18),
	(268, 'LOMBOK BARAT', 18),
	(269, 'BIMA', 18),
	(270, 'TIMOR TENGAH SELATAN', 19),
	(271, 'FLORES TIMUR', 19),
	(272, 'ALOR', 19),
	(273, 'ENDE', 19),
	(274, 'NAGEKEO', 19),
	(275, 'KUPANG', 19),
	(276, 'SIKKA', 19),
	(277, 'NGADA', 19),
	(278, 'TIMOR TENGAH UTARA', 19),
	(279, 'BELU', 19),
	(280, 'LEMBATA', 19),
	(281, 'SUMBA BARAT DAYA', 19),
	(282, 'SUMBA BARAT', 19),
	(283, 'SUMBA TENGAH', 19),
	(284, 'SUMBA TIMUR', 19),
	(285, 'ROTE NDAO', 19),
	(286, 'MANGGARAI TIMUR', 19),
	(287, 'MANGGARAI', 19),
	(288, 'SABU RAIJUA', 19),
	(289, 'MANGGARAI BARAT', 19),
	(290, 'LANDAK', 20),
	(291, 'KETAPANG', 20),
	(292, 'SINTANG', 20),
	(293, 'KUBU RAYA', 20),
	(294, 'PONTIANAK', 20),
	(295, 'KAYONG UTARA', 20),
	(296, 'BENGKAYANG', 20),
	(297, 'KAPUAS HULU', 20),
	(298, 'SAMBAS', 20),
	(299, 'SINGKAWANG', 20),
	(300, 'SANGGAU', 20),
	(301, 'MELAWI', 20),
	(302, 'SEKADAU', 20),
	(303, 'KOTAWARINGIN TIMUR', 21),
	(304, 'SUKAMARA', 21),
	(305, 'KOTAWARINGIN BARAT', 21),
	(306, 'BARITO TIMUR', 21),
	(307, 'KAPUAS', 21),
	(308, 'PULANG PISAU', 21),
	(309, 'LAMANDAU', 21),
	(310, 'SERUYAN', 21),
	(311, 'KATINGAN', 21),
	(312, 'BARITO SELATAN', 21),
	(313, 'MURUNG RAYA', 21),
	(314, 'BARITO UTARA', 21),
	(315, 'GUNUNG MAS', 21),
	(316, 'PALANGKA RAYA', 21),
	(317, 'TAPIN', 22),
	(318, 'BANJAR', 22),
	(319, 'HULU SUNGAI TENGAH', 22),
	(320, 'TABALONG', 22),
	(321, 'HULU SUNGAI UTARA', 22),
	(322, 'BALANGAN', 22),
	(323, 'TANAH BUMBU', 22),
	(324, 'BANJARMASIN', 22),
	(325, 'KOTABARU', 22),
	(326, 'TANAH LAUT', 22),
	(327, 'HULU SUNGAI SELATAN', 22),
	(328, 'BARITO KUALA', 22),
	(329, 'BANJARBARU', 22),
	(330, 'KUTAI BARAT', 23),
	(331, 'SAMARINDA', 23),
	(332, 'PASER', 23),
	(333, 'KUTAI KARTANEGARA', 23),
	(334, 'BERAU', 23),
	(335, 'PENAJAM PASER UTARA', 23),
	(336, 'BONTANG', 23),
	(337, 'KUTAI TIMUR', 23),
	(338, 'BALIKPAPAN', 23),
	(339, 'MALINAU', 24),
	(340, 'NUNUKAN', 24),
	(341, 'BULUNGAN (BULONGAN)', 24),
	(342, 'TANA TIDUNG', 24),
	(343, 'TARAKAN', 24),
	(344, 'BOLAANG MONGONDOW (BOLMONG)', 25),
	(345, 'BOLAANG MONGONDOW SELATAN', 25),
	(346, 'MINAHASA SELATAN', 25),
	(347, 'BITUNG', 25),
	(348, 'MINAHASA', 25),
	(349, 'KEPULAUAN SANGIHE', 25),
	(350, 'MINAHASA UTARA', 25),
	(351, 'KEPULAUAN TALAUD', 25),
	(352, 'KEPULAUAN SIAU TAGULANDANG BIARO (SITARO)', 25),
	(353, 'MANADO', 25),
	(354, 'BOLAANG MONGONDOW UTARA', 25),
	(355, 'BOLAANG MONGONDOW TIMUR', 25),
	(356, 'MINAHASA TENGGARA', 25),
	(357, 'KOTAMOBAGU', 25),
	(358, 'TOMOHON', 25),
	(359, 'BANGGAI KEPULAUAN', 26),
	(360, 'TOLI-TOLI', 26),
	(361, 'PARIGI MOUTONG', 26),
	(362, 'BUOL', 26),
	(363, 'DONGGALA', 26),
	(364, 'POSO', 26),
	(365, 'MOROWALI', 26),
	(366, 'TOJO UNA-UNA', 26),
	(367, 'BANGGAI', 26),
	(368, 'SIGI', 26),
	(369, 'PALU', 26),
	(370, 'MAROS', 27),
	(371, 'WAJO', 27),
	(372, 'BONE', 27),
	(373, 'SOPPENG', 27),
	(374, 'SIDENRENG RAPPANG / RAPANG', 27),
	(375, 'TAKALAR', 27),
	(376, 'BARRU', 27),
	(377, 'LUWU TIMUR', 27),
	(378, 'SINJAI', 27),
	(379, 'PANGKAJENE KEPULAUAN', 27),
	(380, 'PINRANG', 27),
	(381, 'JENEPONTO', 27),
	(382, 'PALOPO', 27),
	(383, 'TORAJA UTARA', 27),
	(384, 'LUWU', 27),
	(385, 'BULUKUMBA', 27),
	(386, 'MAKASSAR', 27),
	(387, 'SELAYAR (KEPULAUAN SELAYAR)', 27),
	(388, 'TANA TORAJA', 27),
	(389, 'LUWU UTARA', 27),
	(390, 'BANTAENG', 27),
	(391, 'GOWA', 27),
	(392, 'ENREKANG', 27),
	(393, 'PAREPARE', 27),
	(394, 'KOLAKA', 28),
	(395, 'MUNA', 28),
	(396, 'KONAWE SELATAN', 28),
	(397, 'KENDARI', 28),
	(398, 'KONAWE', 28),
	(399, 'KONAWE UTARA', 28),
	(400, 'KOLAKA UTARA', 28),
	(401, 'BUTON', 28),
	(402, 'BOMBANA', 28),
	(403, 'WAKATOBI', 28),
	(404, 'BAU-BAU', 28),
	(405, 'BUTON UTARA', 28),
	(406, 'GORONTALO UTARA', 29),
	(407, 'BONE BOLANGO', 29),
	(408, 'GORONTALO', 29),
	(409, 'BOALEMO', 29),
	(410, 'POHUWATO', 29),
	(411, 'MAJENE', 30),
	(412, 'MAMUJU', 30),
	(413, 'MAMUJU UTARA', 30),
	(414, 'POLEWALI MANDAR', 30),
	(415, 'MAMASA', 30),
	(416, 'MALUKU TENGGARA BARAT', 31),
	(417, 'MALUKU TENGGARA', 31),
	(418, 'SERAM BAGIAN BARAT', 31),
	(419, 'MALUKU TENGAH', 31),
	(420, 'SERAM BAGIAN TIMUR', 31),
	(421, 'MALUKU BARAT DAYA', 31),
	(422, 'AMBON', 31),
	(423, 'BURU', 31),
	(424, 'BURU SELATAN', 31),
	(425, 'KEPULAUAN ARU', 31),
	(426, 'TUAL', 31),
	(427, 'HALMAHERA BARAT', 32),
	(428, 'TIDORE KEPULAUAN', 32),
	(429, 'TERNATE', 32),
	(430, 'PULAU MOROTAI', 32),
	(431, 'KEPULAUAN SULA', 32),
	(432, 'HALMAHERA SELATAN', 32),
	(433, 'HALMAHERA TENGAH', 32),
	(434, 'HALMAHERA TIMUR', 32),
	(435, 'HALMAHERA UTARA', 32),
	(436, 'YALIMO', 33),
	(437, 'DOGIYAI', 33),
	(438, 'ASMAT', 33),
	(439, 'JAYAPURA', 33),
	(440, 'PANIAI', 33),
	(441, 'MAPPI', 33),
	(442, 'TOLIKARA', 33),
	(443, 'PUNCAK JAYA', 33),
	(444, 'PEGUNUNGAN BINTANG', 33),
	(445, 'JAYAWIJAYA', 33),
	(446, 'LANNY JAYA', 33),
	(447, 'NDUGA', 33),
	(448, 'BIAK NUMFOR', 33),
	(449, 'KEPULAUAN YAPEN (YAPEN WAROPEN)', 33),
	(450, 'PUNCAK', 33),
	(451, 'INTAN JAYA', 33),
	(452, 'WAROPEN', 33),
	(453, 'NABIRE', 33),
	(454, 'MIMIKA', 33),
	(455, 'BOVEN DIGOEL', 33),
	(456, 'YAHUKIMO', 33),
	(457, 'SARMI', 33),
	(458, 'MERAUKE', 33),
	(459, 'DEIYAI (DELIYAI)', 33),
	(460, 'KEEROM', 33),
	(461, 'SUPIORI', 33),
	(462, 'MAMBERAMO RAYA', 33),
	(463, 'MAMBERAMO TENGAH', 33),
	(464, 'RAJA AMPAT', 34),
	(465, 'MANOKWARI SELATAN', 34),
	(466, 'MANOKWARI', 34),
	(467, 'KAIMANA', 34),
	(468, 'MAYBRAT', 34),
	(469, 'SORONG SELATAN', 34),
	(470, 'FAKFAK', 34),
	(471, 'PEGUNUNGAN ARFAK', 34),
	(472, 'TAMBRAUW', 34),
	(473, 'SORONG', 34),
	(474, 'TELUK WONDAMA', 34),
	(475, 'TELUK BINTUNI', 34);
/*!40000 ALTER TABLE `cities` ENABLE KEYS */;

-- Dumping structure for table umkm.failed_jobs
CREATE TABLE IF NOT EXISTS `failed_jobs` (
  `id` bigint(20) unsigned NOT NULL AUTO_INCREMENT,
  `uuid` varchar(255) COLLATE utf8mb4_unicode_ci NOT NULL,
  `connection` text COLLATE utf8mb4_unicode_ci NOT NULL,
  `queue` text COLLATE utf8mb4_unicode_ci NOT NULL,
  `payload` longtext COLLATE utf8mb4_unicode_ci NOT NULL,
  `exception` longtext COLLATE utf8mb4_unicode_ci NOT NULL,
  `failed_at` timestamp NOT NULL DEFAULT CURRENT_TIMESTAMP,
  PRIMARY KEY (`id`),
  UNIQUE KEY `failed_jobs_uuid_unique` (`uuid`)
) ENGINE=InnoDB DEFAULT CHARSET=utf8mb4 COLLATE=utf8mb4_unicode_ci;

-- Dumping data for table umkm.failed_jobs: ~0 rows (approximately)
/*!40000 ALTER TABLE `failed_jobs` DISABLE KEYS */;
/*!40000 ALTER TABLE `failed_jobs` ENABLE KEYS */;

-- Dumping structure for table umkm.migrations
CREATE TABLE IF NOT EXISTS `migrations` (
  `id` int(10) unsigned NOT NULL AUTO_INCREMENT,
  `migration` varchar(255) COLLATE utf8mb4_unicode_ci NOT NULL,
  `batch` int(11) NOT NULL,
  PRIMARY KEY (`id`)
) ENGINE=InnoDB AUTO_INCREMENT=5 DEFAULT CHARSET=utf8mb4 COLLATE=utf8mb4_unicode_ci;

-- Dumping data for table umkm.migrations: ~4 rows (approximately)
/*!40000 ALTER TABLE `migrations` DISABLE KEYS */;
INSERT INTO `migrations` (`id`, `migration`, `batch`) VALUES
	(1, '2014_10_12_000000_create_users_table', 1),
	(2, '2014_10_12_100000_create_password_reset_tokens_table', 1),
	(3, '2019_08_19_000000_create_failed_jobs_table', 1),
	(4, '2019_12_14_000001_create_personal_access_tokens_table', 1);
/*!40000 ALTER TABLE `migrations` ENABLE KEYS */;

-- Dumping structure for table umkm.password_reset_tokens
CREATE TABLE IF NOT EXISTS `password_reset_tokens` (
  `email` varchar(255) COLLATE utf8mb4_unicode_ci NOT NULL,
  `token` varchar(255) COLLATE utf8mb4_unicode_ci NOT NULL,
  `created_at` timestamp NULL DEFAULT NULL,
  PRIMARY KEY (`email`)
) ENGINE=InnoDB DEFAULT CHARSET=utf8mb4 COLLATE=utf8mb4_unicode_ci;

-- Dumping data for table umkm.password_reset_tokens: ~0 rows (approximately)
/*!40000 ALTER TABLE `password_reset_tokens` DISABLE KEYS */;
/*!40000 ALTER TABLE `password_reset_tokens` ENABLE KEYS */;

-- Dumping structure for table umkm.personal_access_tokens
CREATE TABLE IF NOT EXISTS `personal_access_tokens` (
  `id` bigint(20) unsigned NOT NULL AUTO_INCREMENT,
  `tokenable_type` varchar(255) COLLATE utf8mb4_unicode_ci NOT NULL,
  `tokenable_id` bigint(20) unsigned NOT NULL,
  `name` varchar(255) COLLATE utf8mb4_unicode_ci NOT NULL,
  `token` varchar(64) COLLATE utf8mb4_unicode_ci NOT NULL,
  `abilities` text COLLATE utf8mb4_unicode_ci,
  `last_used_at` timestamp NULL DEFAULT NULL,
  `expires_at` timestamp NULL DEFAULT NULL,
  `created_at` timestamp NULL DEFAULT NULL,
  `updated_at` timestamp NULL DEFAULT NULL,
  PRIMARY KEY (`id`),
  UNIQUE KEY `personal_access_tokens_token_unique` (`token`),
  KEY `personal_access_tokens_tokenable_type_tokenable_id_index` (`tokenable_type`,`tokenable_id`)
) ENGINE=InnoDB AUTO_INCREMENT=11 DEFAULT CHARSET=utf8mb4 COLLATE=utf8mb4_unicode_ci;

-- Dumping data for table umkm.personal_access_tokens: ~10 rows (approximately)
/*!40000 ALTER TABLE `personal_access_tokens` DISABLE KEYS */;
INSERT INTO `personal_access_tokens` (`id`, `tokenable_type`, `tokenable_id`, `name`, `token`, `abilities`, `last_used_at`, `expires_at`, `created_at`, `updated_at`) VALUES
	(1, 'App\\Models\\Admin', 4, 'admin-token', 'ad2e4e6a2c068899f6a8120a18bb06cbd881a6cad71245d6c10296f8fdca60e5', '["*"]', NULL, NULL, '2024-03-15 02:17:24', '2024-03-15 02:17:24'),
	(2, 'App\\Models\\Admin', 4, 'admin-token', '925274ca64492d0db8d22bf16d818ac885c4a900e06988b1afba49dccd70b5c5', '["*"]', '2024-03-15 02:30:24', NULL, '2024-03-15 02:18:08', '2024-03-15 02:30:24'),
	(3, 'App\\Models\\Admin', 4, 'admin-token', '967c09a7ea67aeb9bae84f29a27c956b7ed170f7884ac55e3949b4df15ab8369', '["*"]', '2024-03-15 02:37:39', NULL, '2024-03-15 02:32:57', '2024-03-15 02:37:39'),
	(4, 'App\\Models\\Admin', 4, 'admin-token', '259682c4b635cd81e21a040b7a284c5a38ea4cdcdb760ecb7d4b7a045ba08e6f', '["*"]', '2024-03-15 02:37:50', NULL, '2024-03-15 02:37:48', '2024-03-15 02:37:50'),
	(5, 'App\\Models\\Admin', 4, 'admin-token', 'dc5a58d6a1e0ff8176e2cc2bee663d1f03b86ebda14b3d0abe49e1df2d54f760', '["*"]', '2024-03-15 02:38:03', NULL, '2024-03-15 02:38:01', '2024-03-15 02:38:03'),
	(6, 'App\\Models\\Admin', 4, 'admin-token', 'bba55c02e659af1f87e1195c5ede21accab7b7ec772ff98b20511082d9a44186', '["*"]', '2024-03-15 02:42:41', NULL, '2024-03-15 02:38:13', '2024-03-15 02:42:41'),
	(7, 'App\\Models\\Admin', 4, 'admin-token', 'be6ccabeb27bfe4a18c15b76f035d36a5ace7178d8be88d0b367d23af2c7f831', '["*"]', '2024-03-15 02:44:45', NULL, '2024-03-15 02:44:43', '2024-03-15 02:44:45'),
	(8, 'App\\Models\\Admin', 4, 'admin-token', '014c77f922adea00753e09c2210cfb1fdef8f2b754e6f6a873bd60386ac09f53', '["*"]', '2024-03-15 02:46:06', NULL, '2024-03-15 02:44:54', '2024-03-15 02:46:06'),
	(9, 'App\\Models\\Admin', 4, 'admin-token', 'b9b2be52ced83b79da0b6db60a18e58d133382f0a154738ba774333fe80e87be', '["*"]', '2024-03-15 04:30:13', NULL, '2024-03-15 02:46:24', '2024-03-15 04:30:13'),
	(10, 'App\\Models\\Admin', 4, 'admin-token', '524799823d72fd1d963375c4cc931f11e3212b6b6f5f182e1a3c772326673caa', '["*"]', '2024-03-15 06:18:04', NULL, '2024-03-15 04:32:10', '2024-03-15 06:18:04');
/*!40000 ALTER TABLE `personal_access_tokens` ENABLE KEYS */;

-- Dumping structure for table umkm.produk
CREATE TABLE IF NOT EXISTS `produk` (
  `id` bigint(20) unsigned NOT NULL AUTO_INCREMENT,
  `kode_produk` varchar(50) DEFAULT NULL,
  `nama_produk` varchar(255) DEFAULT NULL,
  `harga` decimal(10,2) DEFAULT NULL,
  `foto_1` varchar(255) DEFAULT NULL,
  `foto_2` varchar(255) DEFAULT NULL,
  `foto_3` varchar(255) DEFAULT NULL,
  `id_umkm` int(11) DEFAULT NULL,
  PRIMARY KEY (`id`),
  UNIQUE KEY `id` (`id`)
) ENGINE=InnoDB AUTO_INCREMENT=8 DEFAULT CHARSET=latin1;

-- Dumping data for table umkm.produk: ~4 rows (approximately)
/*!40000 ALTER TABLE `produk` DISABLE KEYS */;
INSERT INTO `produk` (`id`, `kode_produk`, `nama_produk`, `harga`, `foto_1`, `foto_2`, `foto_3`, `id_umkm`) VALUES
	(3, '21312', 'p1', 2312.00, 'product_photos/g1ACE6GngZ8BjDFUkTlzaWEvNJX8ReWjwNTxkUvU.png', NULL, NULL, 6),
	(5, 'WAAAA', 'OAAAUUAA', 12312321.00, 'product_photos/8EgSiNTaWet1q70frmcP9dl4eQWeQ5dDrRjpWmsf.png', 'product_photos/gAwPVIFI1TJO3IAJ9a8g0KPKU2Fzap9qKXat0a6K.png', NULL, NULL),
	(6, 'xxxx', 'pasta', 12312.00, NULL, 'product_photos/AmWzmzETizjZ5llwhn1wLpzlDjBlwjaZHQrLOfi9.png', NULL, 5),
	(7, '12312', 'xx', 131321.00, NULL, 'product_photos/5E7DuuV8sZVrNL6Ph5iPMOG5aOOVbynbIl08KxD5.png', NULL, 6);
/*!40000 ALTER TABLE `produk` ENABLE KEYS */;

-- Dumping structure for table umkm.provinces
CREATE TABLE IF NOT EXISTS `provinces` (
  `prov_id` int(11) NOT NULL AUTO_INCREMENT,
  `prov_name` varchar(255) DEFAULT NULL,
  `locationid` int(11) DEFAULT NULL,
  `status` int(11) DEFAULT '1',
  PRIMARY KEY (`prov_id`) USING BTREE
) ENGINE=MyISAM AUTO_INCREMENT=35 DEFAULT CHARSET=latin1 ROW_FORMAT=DYNAMIC;

-- Dumping data for table umkm.provinces: 34 rows
/*!40000 ALTER TABLE `provinces` DISABLE KEYS */;
INSERT INTO `provinces` (`prov_id`, `prov_name`, `locationid`, `status`) VALUES
	(1, 'ACEH', 1, 1),
	(2, 'SUMATERA UTARA', 1, 1),
	(3, 'SUMATERA BARAT', 1, 1),
	(4, 'RIAU', 1, 1),
	(5, 'JAMBI', 1, 1),
	(6, 'SUMATERA SELATAN', 1, 1),
	(7, 'BENGKULU', 1, 1),
	(8, 'LAMPUNG', 1, 1),
	(9, 'KEPULAUAN BANGKA BELITUNG', 1, 1),
	(10, 'KEPULAUAN RIAU', 1, 1),
	(11, 'DKI JAKARTA', 1, 1),
	(12, 'JAWA BARAT', 1, 1),
	(13, 'JAWA TENGAH', 1, 1),
	(14, 'DI YOGYAKARTA', 1, 1),
	(15, 'JAWA TIMUR', 1, 1),
	(16, 'BANTEN', 1, 1),
	(17, 'BALI', 1, 1),
	(18, 'NUSA TENGGARA BARAT', 1, 1),
	(19, 'NUSA TENGGARA TIMUR', 1, 1),
	(20, 'KALIMANTAN BARAT', 1, 1),
	(21, 'KALIMANTAN TENGAH', 1, 1),
	(22, 'KALIMANTAN SELATAN', 1, 1),
	(23, 'KALIMANTAN TIMUR', 1, 1),
	(24, 'KALIMANTAN UTARA', 1, 1),
	(25, 'SULAWESI UTARA', 1, 1),
	(26, 'SULAWESI TENGAH', 1, 1),
	(27, 'SULAWESI SELATAN', 1, 1),
	(28, 'SULAWESI TENGGARA', 1, 1),
	(29, 'GORONTALO', 1, 1),
	(30, 'SULAWESI BARAT', 1, 1),
	(31, 'MALUKU', 1, 1),
	(32, 'MALUKU UTARA', 1, 1),
	(33, 'PAPUA', 1, 1),
	(34, 'PAPUA BARAT', 1, 1);
/*!40000 ALTER TABLE `provinces` ENABLE KEYS */;

-- Dumping structure for table umkm.umkm
CREATE TABLE IF NOT EXISTS `umkm` (
  `id` bigint(20) unsigned NOT NULL AUTO_INCREMENT,
  `nama_umkm` varchar(255) NOT NULL,
  `deskripsi` text,
  `alamat` varchar(255) DEFAULT NULL,
  `kota` varchar(100) DEFAULT NULL,
  `provinsi` varchar(100) DEFAULT NULL,
  `nama_pemilik` varchar(255) DEFAULT NULL,
  `personal_kontak` varchar(255) DEFAULT NULL,
  `foto_1` varchar(255) DEFAULT NULL,
  `foto_2` varchar(255) DEFAULT NULL,
  `foto_3` varchar(255) DEFAULT NULL,
  PRIMARY KEY (`id`),
  UNIQUE KEY `id` (`id`)
) ENGINE=InnoDB AUTO_INCREMENT=10 DEFAULT CHARSET=latin1;

-- Dumping data for table umkm.umkm: ~5 rows (approximately)
/*!40000 ALTER TABLE `umkm` DISABLE KEYS */;
INSERT INTO `umkm` (`id`, `nama_umkm`, `deskripsi`, `alamat`, `kota`, `provinsi`, `nama_pemilik`, `personal_kontak`, `foto_1`, `foto_2`, `foto_3`) VALUES
	(5, 'Sayur', 'Jual sayur', 'Gadang', 'Malang', 'Jawa Timur', 'Febri', '0812312412', 'umkm_photos/YdS7XO4eDYl2JQ4pKtB8t3joTQNGDpfpLNbL8APs.png', 'umkm_photos/y4T5fMWD0OsfB2KfWOdp89l0auTEAHOVIxc9baZl.png', NULL),
	(6, 'Celana', NULL, 'Gadang', 'Malang', 'Jawa Timur', 'Heri', 'febriytonly@gmail.com', 'umkm_photos/SBgNrkipb1JwrzsJlm8fhnnwNdpQLKfbA3laKx11.png', NULL, NULL),
	(7, 'Bakso', NULL, 'Gadang', 'Bireuen', 'Aceh', 'Heri', '0812312412', 'umkm_photos/KnastviHcogXxpxREVW8EYbHlL44beA7U4DhJ3XF.png', NULL, NULL),
	(8, 'Bakso', 'deksripsi', 'malang', 'Simeulue', 'Aceh', 'Febri', '0812312412', 'umkm_photos/X2GAuvmWeOmfdKqCLZE3mvBbo8iX0mbBXVnlCM7G.png', NULL, NULL),
	(9, 'UMKM', 'Jual sayur', 'malang', 'Pidie Jaya', 'Aceh', 'Febri', 'email', 'umkm_photos/7PqFxmxLL22CCpeDCHEev2MWAy3OnPOWf051Ns6b.png', NULL, NULL);
/*!40000 ALTER TABLE `umkm` ENABLE KEYS */;

-- Dumping structure for table umkm.users
CREATE TABLE IF NOT EXISTS `users` (
  `id` bigint(20) unsigned NOT NULL AUTO_INCREMENT,
  `name` varchar(255) COLLATE utf8mb4_unicode_ci NOT NULL,
  `email` varchar(255) COLLATE utf8mb4_unicode_ci NOT NULL,
  `email_verified_at` timestamp NULL DEFAULT NULL,
  `password` varchar(255) COLLATE utf8mb4_unicode_ci NOT NULL,
  `remember_token` varchar(100) COLLATE utf8mb4_unicode_ci DEFAULT NULL,
  `created_at` timestamp NULL DEFAULT NULL,
  `updated_at` timestamp NULL DEFAULT NULL,
  PRIMARY KEY (`id`),
  UNIQUE KEY `users_email_unique` (`email`)
) ENGINE=InnoDB DEFAULT CHARSET=utf8mb4 COLLATE=utf8mb4_unicode_ci;

-- Dumping data for table umkm.users: ~0 rows (approximately)
/*!40000 ALTER TABLE `users` DISABLE KEYS */;
/*!40000 ALTER TABLE `users` ENABLE KEYS */;

/*!40101 SET SQL_MODE=IFNULL(@OLD_SQL_MODE, '') */;
/*!40014 SET FOREIGN_KEY_CHECKS=IFNULL(@OLD_FOREIGN_KEY_CHECKS, 1) */;
/*!40101 SET CHARACTER_SET_CLIENT=@OLD_CHARACTER_SET_CLIENT */;
/*!40111 SET SQL_NOTES=IFNULL(@OLD_SQL_NOTES, 1) */;
